,words,tf
0,padiya,False
1,athin,False
2,pluwan,False
3,10/10,False
4,mooda,False
5,hopper,True
6,ub,False
7,21,True
8,KFC,True
9,ine,False
10,gavernment,False
11,mama,True
12,gihin,False
13,tenne,False
14,oy,False
15,inn,True
16,asai,False
17,polsambola,False
18,badly,True
19,rally,True
20,nicely,True
21,porak,False
22,kothtuu,False
23,phtshoot,False
24,genna,False
25,de,False
26,therei,False
27,gonek,False
28,jaathi,False
29,station,True
30,handwash,False
31,dhukai,False
32,aadara,False
33,life,True
34,compared,True
35,parcel,True
36,peyak,False
37,sindu,False
38,coil,True
39,sarilana,False
40,jack,True
41,lanka,False
42,30k,False
43,hondhe,False
44,sewawa,False
45,dhina,False
46,nodakina,False
47,traditional,True
48,cosy,False
49,Buffet,True
50,biththara,False
51,mu,True
52,musalaya,False
53,iced,True
54,cashier,True
55,salakilimath,False
56,true,True
57,kids,True
58,pramanayakata,False
59,dannawa,False
60,thoranawa,False
61,bar,True
62,alokaya,False
63,nawathwime,False
64,10%,False
65,poliyata,False
66,gunathma,False
67,oven,True
68,touch,True
69,run,True
70,lift,True
71,chese,False
72,karadharayak,False
73,tikath,False
74,aduwata,False
75,kalekin,False
76,kamata,False
77,aadaraya,False
78,ahapan,False
79,there,True
80,payment,True
81,‡∂ö‡∂Ω‡∑è,False
82,thinuna,False
83,ethena,False
84,PR,True
85,bayak,False
86,dennath,False
87,lassanta,False
88,weekend,True
89,illala,False
90,meal,True
91,soduru,False
92,ekkenekta,False
93,leave,True
94,ayagr,False
95,karagannat,False
96,sukopabogi,False
97,nathiwa,False
98,spoil,True
99,ek,False
100,panaya,False
101,piliganna,False
102,ammoh,False
103,karannada?,False
104,kalabalai,False
105,Apita,False
106,minissu,False
107,melorahak,False
108,sathutuin,False
109,pandamic,False
110,mee,False
111,dhahirayaa,False
112,saniparakshawa,False
113,kranna,False
114,apinam,False
115,shoke,False
116,dei,False
117,wishishtai,False
118,hoyaganna,False
119,labewaa,False
120,par,True
121,ayta,False
122,foriegnerslagen,False
123,narak,False
124,varga,False
125,kitchen',False
126,b'day,False
127,super,True
128,pela,False
129,tables,True
130,at,True
131,ekat,False
132,wadeeta,False
133,appiriyama,False
134,sulaga,False
135,yaluwane,False
136,danunaa,False
137,paare,False
138,pirisiduwa,False
139,bakery,True
140,cherithayak,False
141,oyaatath,False
142,tyenaw,False
143,mathpena,False
144,aiyya,False
145,hithuwatath,False
146,lakunu,False
147,naa‚Ä¶kaarya,False
148,pancake,True
149,gaha,False
150,thiyena,False
151,simitha,False
152,train,True
153,water,True
154,have,True
155,meyage,False
156,pera,False
157,bonna,False
158,ayya,False
159,soi,False
160,pramanaath,False
161,umbe,False
162,la,True
163,katu,False
164,adamai,False
165,extra,True
166,salgadu',False
167,booruwa,False
168,polite,True
169,thiyenne?,False
170,bala,False
171,sthanayak,False
172,classical,True
173,danenawa,False
174,shake,True
175,dine,True
176,park,True
177,hadagena,False
178,town,True
179,athara,False
180,hodath,False
181,sambola,False
182,swabawikawa,False
183,anthimai,False
184,denakam,False
185,anam,False
186,wenada,False
187,ice,True
188,puluwa,False
189,ikmanata,False
190,onawatath,False
191,Niyama,False
192,gaana,False
193,sapuranna,False
194,serai,False
195,yung,False
196,paaribogikayan,False
197,sansharaka,False
198,paribogikayage,False
199,wahala,False
200,sewa,False
201,akak,False
202,hithila,False
203,phone,True
204,watalapang,False
205,nasigueran,False
206,nbar,False
207,gasthuwak,False
208,omlette,False
209,wateta,False
210,rospan,False
211,programs,True
212,takeaways,True
213,Price!!,False
214,hasirimak,False
215,priyamanapai,False
216,sahakaruwan,False
217,hako,False
218,2-3,True
219,mas,True
220,mema,False
221,biththiye,False
222,chocken,False
223,children,True
224,pirisudui,False
225,tax,True
226,surakshithawa,False
227,kind,True
228,paribogikayata,False
229,sankalanayak,False
230,table,True
231,hoyanna,False
232,thenakda,False
233,uba,False
234,ekakat,False
235,sisil,False
236,washayen,False
237,saw,True
238,gya,False
239,novi,False
240,kawoth,False
241,talented,True
242,enne,False
243,thanata,False
244,section,True
245,rating,True
246,lagatama,False
247,binduwai,False
248,baltalu,False
249,out,True
250,hour,True
251,annoying,True
252,chairs,True
253,peaceful,True
254,tharak,False
255,thenaka,False
256,pramnayai,False
257,ayekuta,False
258,kiwwe,False
259,kalamanakarithawaya,False
260,aathal,False
261,kain,False
262,mathara,False
263,nakatata,False
264,bawa,False
265,awastha,False
266,9,True
267,vibe,True
268,look,True
269,demmata,False
270,interesting,True
271,unta,False
272,unp,False
273,nawathinna,False
274,walatath,False
275,waaiterwarunta,False
276,wenath,False
277,menna,False
278,vitharada,False
279,aparaade,False
280,aduth,False
281,traditinal,False
282,uthsahayan,False
283,karyamandalayak,False
284,baby,True
285,mawbimata,False
286,kenekta,False
287,ethana,False
288,parippu,False
289,wadanam,False
290,bolaw,False
291,balanna,False
292,ikmani,False
293,daanawada??,False
294,his,True
295,very,True
296,function,True
297,sewawe,False
298,adu,False
299,edan,False
300,words,True
301,yaddi,False
302,outstanding,True
303,hodin,False
304,sambal,False
305,rata,False
306,ekekgaawath,False
307,hasirenna,False
308,inguru,False
309,had,True
310,passe,True
311,hodai,False
312,mango,True
313,shak,False
314,thuj,False
315,lasagnya,False
316,background,True
317,okoma,False
318,sapayanawa,False
319,ahasa,False
320,organize,True
321,cattlefish,False
322,sthanaya,False
323,ate,True
324,go,True
325,anna,False
326,ambarella,False
327,beef,True
328,samaga,False
329,hariyai,False
330,watenawa,False
331,aparade,False
332,kaarannavath,False
333,Chinese,True
334,thel,False
335,‡∑Ä‡∑ô‡∂±‡∑ä‡∂±,False
336,lassnata,False
337,awanhale,False
338,talk,True
339,dewi,False
340,kadila,False
341,hamawelema,False
342,tiyanawaa,False
343,pathami,False
344,warga,False
345,rolles,False
346,suwadata,False
347,dogsla,False
348,bimmal,False
349,soon,True
350,path,True
351,delish,False
352,wennathi,False
353,bless,True
354,hamathanma,False
355,kadima,False
356,lamayintath,False
357,ton,True
358,kata,False
359,lassanama,False
360,sonic,True
361,salad,True
362,macaroni,True
363,karunika,False
364,ajinomoto,False
365,wenne,False
366,the,True
367,tyenawa,False
368,colambo,False
369,issan,False
370,mudalak,False
371,mathpen,False
372,galapenama,False
373,welith,False
374,flavours,False
375,owa,False
376,sathuta,False
377,sounds,True
378,ekakwath,False
379,milak,False
380,apahasui,False
381,1500,True
382,butter,True
383,comfortable,True
384,atificial,False
385,piliganima,False
386,kamanam,False
387,restaurant,True
388,maha,False
389,widuli,False
390,sadimedi,False
391,hi,True
392,mattamaka,False
393,awoth,False
394,dawas,False
395,another,True
396,wall,True
397,dalawath,False
398,weddings,True
399,ekta,False
400,ratata,False
401,safe,True
402,club,True
403,sadharanai,False
404,'0',False
405,bawitha,False
406,hondha,False
407,baaldiyak,False
408,madi,False
409,mokkda,False
410,oka,False
411,jayamavewa,False
412,fish,True
413,caf√©,False
414,school,True
415,yaluwe,False
416,vegitarian,False
417,skin,True
418,karyamandalaya,False
419,beach,True
420,paribogikaya,False
421,gannewath,False
422,marama,False
423,hygiene,True
424,kannam,False
425,Lankawe,False
426,imbul,False
427,experience,True
428,british,False
429,walliyakadi,False
430,kohedha,False
431,thibua,False
432,level,True
433,650,True
434,sadde,False
435,specifically,True
436,m,True
437,packing,True
438,hakuru,False
439,idalahitala,False
440,api,False
441,eelanga,False
442,properly,True
443,addicted,True
444,labenawa,False
445,weradi,False
446,recommond,False
447,care,True
448,korean,False
449,ammarui,False
450,awashyatha,False
451,vegi,False
452,oyaanam,False
453,ceylon,False
454,watila,False
455,thaththa,False
456,kiyalamai,False
457,thoraganna,False
458,wei,False
459,naa,False
460,sewakayange,False
461,thiyanava,False
462,ayye,False
463,hodama,False
464,leaf,True
465,prathichara,False
466,adagena,False
467,own,True
468,karal,False
469,karanne,False
470,gannawa,False
471,hadapu,False
472,try,True
473,monaada,False
474,dhennek,False
475,vadak,False
476,podi,False
477,karadhi,False
478,using,True
479,enjo,False
480,malli,False
481,wadipura,False
482,girlsla,False
483,Indiyawata,False
484,ekadi,False
485,aniwaarenma,False
486,again,True
487,awulakma,False
488,wagai,False
489,thenakuth,False
490,Thawa,False
491,naraka,False
492,‡∂ë‡∂ö‡∂ß,False
493,deke,False
494,thaamath,False
495,customerslatat,False
496,giyata,False
497,gyata,False
498,naaa,False
499,harbour,False
500,rs,True
501,siduwenawa,False
502,ebili,False
503,jaffana,False
504,nidahas,False
505,lankiya,False
506,kalaya,False
507,onama,False
508,awul,False
509,chitchat,True
510,ooo,False
511,panthiye,False
512,ko,False
513,mehemath,False
514,patte,False
515,yannama,False
516,yanwa,False
517,struggled,True
518,kaarya,False
519,welawata,False
520,naalaa,False
521,gampolin,False
522,kannakota,False
523,campus,True
524,ekanam,False
525,DJ,True
526,theruna,False
527,hdapu,False
528,rasa,False
529,accept,True
530,ekk,False
531,murali,False
532,kiyalai,False
533,mura,False
534,thosai,False
535,badapirennama,False
536,vithara,False
537,biwwama,False
538,helpful,True
539,kattiyak,False
540,wheelchair,True
541,dennekta,False
542,lmai,False
543,dawasata,False
544,gamaka,False
545,hoya,False
546,delicious,True
547,vidiyata,False
548,unsatisfied,True
549,sevvice,False
550,soft,True
551,bite,True
552,20,True
553,kihipayakma,False
554,palayan,False
555,wdi,False
556,bowl,True
557,ne,False
558,maara,False
559,nathuva,False
560,nihathamani,False
561,id,True
562,ammapa,False
563,naha,False
564,hmm,True
565,nathara,False
566,focus,True
567,pirila,False
568,qualuty,False
569,thanek,False
570,dates,True
571,forignerslata,False
572,biriyani,False
573,ethanata,False
574,10ka,False
575,wewa,False
576,apurui,False
577,da,False
578,tasty,True
579,traffic,True
580,chicken,True
581,crowed,True
582,bawaya,False
583,narakam,False
584,ammala,False
585,paarak,False
586,yana,False
587,cheffge,False
588,tyagena,False
589,putha,False
590,seethala,False
591,diet,True
592,wallet,True
593,hodata,False
594,okkotama,False
595,bread,True
596,unuwena,False
597,24/7,False
598,idiriye,False
599,request,True
600,budget,True
601,hatimane,False
602,western,True
603,flavour,False
604,doni,False
605,pitzzahut,False
606,50%,False
607,wahalak,False
608,improvements,True
609,fruit,True
610,penawa,False
611,piece,True
612,course,True
613,methanatyenne,False
614,withrak,False
615,panayata,False
616,hithenawa,False
617,kathawen,False
618,adumak,False
619,pahath,False
620,non-veg,True
621,parata,False
622,hithalawath,False
623,ow,True
624,hoppers,True
625,wenasma,False
626,gayana,False
627,50,True
628,harak,False
629,wennepa,False
630,uuu,False
631,karamuda,False
632,kiyawa,False
633,slow,True
634,eyala,False
635,gedarakata,False
636,paribogikayo,False
637,ayath,False
638,non,True
639,pirisidukama,False
640,rolls,True
641,colmba,False
642,roll,True
643,ja,False
644,labuna,False
645,dinapathama,False
646,tiyanna,False
647,hamadem,False
648,kena,False
649,kamathima,False
650,sound,True
651,awuruddak,False
652,couples,True
653,kalpana,False
654,hang,True
655,wait,True
656,lankaave,False
657,meyala,False
658,maduruwangen,False
659,youtube,False
660,pitzza,False
661,sodanawa,False
662,week,True
663,athukorale,False
664,daruwata,False
665,bonne,False
666,gaman,False
667,performance,True
668,order,True
669,awith,False
670,thorala,False
671,karata,False
672,kiyawima,False
673,welawak,False
674,199,True
675,genavath,False
676,ehemane,False
677,ekakt,False
678,nathima,False
679,yatapath,False
680,deepan,False
681,ehenam,False
682,lava,True
683,30-40,True
684,pirisuduwata,False
685,chair,True
686,mohothak,False
687,nuth,False
688,quantity,True
689,wenakota,False
690,thibunaüëå,False
691,hungak,False
692,8000k,False
693,guliyak,False
694,bathroom,True
695,dhenatama,False
696,beverages,True
697,sink,True
698,second,True
699,pathhu,False
700,ganan,False
701,witarai,False
702,pineapple,True
703,sudusu,False
704,gunathmaya,False
705,kottu,False
706,busy,True
707,dakkahama,False
708,buriyane,False
709,mrthana,False
710,serve,True
711,p,True
712,nirmanathmakawa,False
713,watinava,False
714,mana,False
715,samanyai,False
716,accomadation,False
717,had),False
718,shell,True
719,vadakma,False
720,ree,False
721,thena,False
722,ganimak,False
723,staffs,True
724,panina,False
725,pihitai,False
726,malliya,False
727,athiwenakam,False
728,sathutudayaka,False
729,wahan,False
730,arakshakari,False
731,welila,False
732,3k,False
733,kathaawa,False
734,kadinam,False
735,jaffa,False
736,milath,False
737,laughing,True
738,weerayata,False
739,awata,False
740,basarayata,False
741,ennama,False
742,ekaka,False
743,hodat,False
744,mesen,False
745,hitiye,False
746,ballada,False
747,additive,True
748,pathhukale,False
749,putu,False
750,nagala,False
751,dhenava,False
752,egg,True
753,cuisine,True
754,aduwen,False
755,naweena,False
756,therenne,False
757,found,True
758,srilakan,False
759,holidays,True
760,eka0,False
761,weddi,False
762,service,True
763,hoyagannath,False
764,rotviolet,False
765,eekanam,False
766,local,True
767,ita,False
768,apirisidui,False
769,sobadahame,False
770,wachana,False
771,bedaaganna,False
772,online,True
773,milakata,False
774,ponnaya,False
775,billpatha,False
776,tiyenwa,False
777,kargana,False
778,agodak,False
779,hitha,False
780,quick,True
781,apith,False
782,thorganna,False
783,awanhalak,False
784,cook,True
785,lassanai,False
786,wayasai,False
787,samasthayal,False
788,rasai,False
789,sathutin,False
790,meals,True
791,version,True
792,dakinnath,False
793,melo,False
794,pola,False
795,waddek,False
796,tastless,False
797,wadhayak,False
798,yaluwo,False
799,pigan,False
800,sapekshawa,False
801,nirmansha,False
802,milk,True
803,minisa,False
804,entrance,True
805,apita,False
806,balalama,False
807,comment,True
808,ehema,False
809,lagadi,False
810,ninda,False
811,eliya,False
812,special,True
813,obath,False
814,ekathu,False
815,kalabala,False
816,sthana,False
817,ethakota,False
818,ee,False
819,natural,True
820,30,True
821,sundarai,False
822,prepare,True
823,puduma,False
824,kiyamuda,False
825,paulatama,False
826,yhenak,False
827,thhenak,False
828,mahale,False
829,adikaa,False
830,witharak,False
831,nethinam,False
832,niyameta,False
833,awatin,False
834,nagaraye,False
835,aarakshaawa,False
836,80,True
837,all,True
838,lassanata,False
839,dewala,False
840,tiyenne,False
841,dena,False
842,hadenne,False
843,pin,True
844,praweena,False
845,What,True
846,kellawa,False
847,hariyana,False
848,karaneka,False
849,parcking,False
850,ekama,False
851,sourse,False
852,yam,True
853,sinduwak,False
854,nm,False
855,oily,True
856,baverages,False
857,nuwara,False
858,customize,True
859,covid,False
860,sallith,False
861,namai,False
862,memai,False
863,roty,False
864,rasaunata,False
865,boho,False
866,gahuwata,False
867,crabsla,False
868,actually,True
869,amatharawa,False
870,dhukwidhinawada,False
871,cleaness,False
872,unaanam,False
873,ungema,False
874,üòä,False
875,flexible,True
876,pahakata,False
877,china,True
878,priceeka,False
879,recommended,True
880,250k,False
881,anawuma,False
882,obata,False
883,cute,True
884,kattiya,False
885,ithing,False
886,karanwa,False
887,gahanne,False
888,bath,True
889,kenwamda,False
890,ledi,False
891,eken,False
892,large,True
893,adaraya,False
894,select,True
895,kemak,False
896,welak,False
897,gathakaranna,False
898,ahana,False
899,hamadeyakma,False
900,ralui,False
901,pramithiyen,False
902,kenekwath,False
903,ammo,True
904,warranty,True
905,ewelawema,False
906,soyala,False
907,eliyen,False
908,disappointed,True
909,30ta,False
910,practices,True
911,bamboo,True
912,hina,False
913,awsome,False
914,calm,True
915,thosa,False
916,manussayage,False
917,hinda,False
918,wisheshathwayak,False
919,methata,False
920,bana,False
921,nan,False
922,beers,True
923,parakku,False
924,welawaka,False
925,edunaa,False
926,oyama,False
927,tyenne,False
928,hamogema,False
929,gahak,False
930,yanakam,False
931,full,True
932,beheththuth,False
933,moko,False
934,anuwen,False
935,supiriyak,False
936,dolphin,True
937,adarei,False
938,seafood,True
939,wisthara,False
940,branded,True
941,ugath,False
942,welwata,False
943,marvellous,False
944,light,True
945,machine,True
946,VIP,True
947,sarayakwath,False
948,aniwaren,False
949,delisious,False
950,nahane,False
951,na,False
952,therennena,False
953,karannama,False
954,thibune,False
955,ready,True
956,window,True
957,goshakari,False
958,than,True
959,desserts,True
960,tv,False
961,wadanaya,False
962,visited,True
963,dirgausha,False
964,hamaeyakma,False
965,90,True
966,aasawen,False
967,shape,True
968,bake,True
969,widiyata,False
970,loud,True
971,kenekuta,False
972,hodak,False
973,bachgoround,False
974,kirisamba,False
975,working,True
976,pramithiyakata,False
977,aya,False
978,gatha,False
979,hamadamath,False
980,dish,True
981,dura,False
982,going,True
983,wadek,False
984,wifi,False
985,chilli,False
986,cash,True
987,enwa,False
988,thaniyama,False
989,weekday,True
990,aayata,False
991,upahaara,False
992,b,True
993,too,True
994,ekalaga,False
995,sorry,True
996,Lunch,True
997,wennama,False
998,brains,True
999,minihekta,False
1000,kenekt,False
1001,nidaganna,False
1002,kawuruwath,False
1003,gahannth,False
1004,tasteless,True
1005,play,True
1006,00,True
1007,kesel,False
1008,unbelievable,True
1009,700k,False
1010,uda,False
1011,sewayk,False
1012,orange,True
1013,udau,False
1014,gananaka,False
1015,affordable,True
1016,rasata,False
1017,salty,True
1018,first,True
1019,recommend,True
1020,maalu,False
1021,five,True
1022,bank,True
1023,methani,False
1024,future,True
1025,tikak,False
1026,private,True
1027,hadissiyata,False
1028,neat,True
1029,this,True
1030,organization,True
1031,krnna,False
1032,wideshikayange,False
1033,ithaama,False
1034,mint,True
1035,samata,False
1036,kanne,False
1037,boss,True
1038,arakshaka,False
1039,rasatama,False
1040,vegetbles,False
1041,sometimes,True
1042,ape,True
1043,blanna,False
1044,100%,False
1045,washrooms,True
1046,karaganne,False
1047,cigeratte,False
1048,mathakai,False
1049,toilets,True
1050,gahawath,False
1051,sadaranai,False
1052,5/5,False
1053,sandwich,True
1054,deal,True
1055,aine,False
1056,sare,False
1057,awruddak,False
1058,galawanna,False
1059,washroom,True
1060,paul,False
1061,ingredients,True
1062,methaninmai,False
1063,800k,False
1064,samaharawita,False
1065,patui,False
1066,hadhanawaa,False
1067,hapanna,False
1068,broo,False
1069,welwat,False
1070,ganata,False
1071,or,True
1072,gdak,False
1073,missed,True
1074,dakkamai,False
1075,guidline,False
1076,nathinam,False
1077,rat,True
1078,gaththe,False
1079,wedata,False
1080,?,False
1081,mohothakata,False
1082,japan,True
1083,1000,True
1084,devil,True
1085,therumak,False
1086,eyata,False
1087,kamawal,False
1088,vitharak,False
1089,ehe,False
1090,do,True
1091,hithnne,False
1092,walai,False
1093,neveyi,False
1094,wishesha,False
1095,gotukola,False
1096,aharayata,False
1097,aran,False
1098,ekkenekt,False
1099,muwe,False
1100,sellam,False
1101,peya,False
1102,paranaiwagema,False
1103,paththe,False
1104,kame,False
1105,semata,False
1106,hasaral,False
1107,welawai,False
1108,mattame,False
1109,eya,False
1110,thanks,True
1111,kandayama,False
1112,hamadeyama,False
1113,tap,True
1114,dagena,False
1115,lot,True
1116,thiyenne,False
1117,dewatha,False
1118,ma,True
1119,balapan,False
1120,palaveni,False
1121,keeyawath,False
1122,methna,False
1123,uprimetama,False
1124,gadak,False
1125,naayakayek,False
1126,balconi,False
1127,kam,False
1128,thibuna,False
1129,lankaawe,False
1130,supiriyata,False
1131,customerservice,False
1132,paadu,False
1133,sathutui,False
1134,powder,True
1135,argue,True
1136,nam,False
1137,ekawath,False
1138,nowana,False
1139,available,True
1140,karanawa,False
1141,nuwi,False
1142,smell,True
1143,BBQ,True
1144,nisahase,False
1145,thibbe,False
1146,sellan,False
1147,kanawata,False
1148,wijerame,False
1149,negambo,False
1150,deka,False
1151,lamprice,False
1152,thibbata,False
1153,pamana,False
1154,little,True
1155,suba,False
1156,bibi,False
1157,ane,False
1158,pramukaathawak,False
1159,forign,False
1160,5k,False
1161,sampurna,False
1162,mix,True
1163,mandagami,False
1164,pawns,True
1165,lassana,False
1166,sampurnama,False
1167,uni,True
1168,village,True
1169,cost,True
1170,etharam,False
1171,adeyak,False
1172,chutney,True
1173,wade,True
1174,dissappointed,False
1175,mechchar,False
1176,kan,False
1177,gaththata,False
1178,aithikaru,False
1179,drink,True
1180,waiterwarunge,False
1181,da?,False
1182,hari,False
1183,niyamai,False
1184,items,True
1185,piligannawa,False
1186,kanakota,False
1187,awanhalakadi,False
1188,shakthiya,False
1189,tyeawa,False
1190,halak,False
1191,dannan,False
1192,sada,False
1193,koththu,False
1194,country,True
1195,hariyata,False
1196,kathaawath,False
1197,uata,False
1198,nelum,False
1199,sewawak,False
1200,wiwekagarayak,False
1201,active,True
1202,expect,True
1203,wereddak,False
1204,10k,False
1205,music,True
1206,process,True
1207,karya,False
1208,ekei,False
1209,harima,False
1210,udama,False
1211,athdekimak,False
1212,niwasaka,False
1213,athare,False
1214,okata,False
1215,way,True
1216,fivestar,False
1217,rates,True
1218,Sri,False
1219,which,True
1220,maath,False
1221,Ida,True
1222,culture,True
1223,hasirenne,False
1224,bima,False
1225,happan,False
1226,hadi,False
1227,kalpanawen,False
1228,cocktail,True
1229,how,True
1230,wahallu,False
1231,suwadai,False
1232,sathkara,False
1233,kellek,False
1234,luck,True
1235,quite,True
1236,father,True
1237,mithrashili,False
1238,poya,False
1239,karalama,False
1240,once,True
1241,hospitality,True
1242,eekatanam,False
1243,salli,False
1244,fast,True
1245,Eth,False
1246,ginger,True
1247,k,True
1248,naane,False
1249,wisheshayak,False
1250,hithapu,False
1251,tyanna,False
1252,lump,True
1253,video,True
1254,akkita,False
1255,kla,False
1256,white,True
1257,1100k,False
1258,gannath,False
1259,berry,True
1260,crew,True
1261,uparima,False
1262,denekt,False
1263,senagak,False
1264,karapu,False
1265,kiwwa,False
1266,durai,False
1267,chutny,False
1268,molayak,False
1269,tea,True
1270,amu,False
1271,godaak,False
1272,giye,False
1273,kohenwath,False
1274,were,True
1275,oni,False
1276,waladi,False
1277,gear,True
1278,saiwer,False
1279,hadaganna,False
1280,kelle,False
1281,kiwata,False
1282,elluwath,False
1283,hithuwe,False
1284,loverslat,False
1285,colouring,False
1286,years,True
1287,dhan,False
1288,parana,False
1289,violation,True
1290,widiya,False
1291,thiyenooo,False
1292,prasannai,False
1293,birthday,True
1294,akka,False
1295,labadayakai,False
1296,pramithiyak,False
1297,lamp,True
1298,mn,False
1299,KSB,False
1300,has,True
1301,restaurants,True
1302,dekapu,False
1303,varadi,False
1304,reeta,False
1305,delivory,False
1306,20%,False
1307,dewathauni,False
1308,yannath,False
1309,gloves,True
1310,hadhaganna,False
1311,really,True
1312,slowly,True
1313,amarui,False
1314,paribogikayanta,False
1315,suwapahasu,False
1316,aayenam,False
1317,chinese,False
1318,appiriyay,False
1319,Lassanai,False
1320,prabodamathwa,False
1321,narakai,False
1322,kemata,False
1323,yamuuu,False
1324,noodles,True
1325,ewa,False
1326,parakui,False
1327,habby,False
1328,Podi,False
1329,siya,False
1330,awashyathawaya,False
1331,unforgetable,False
1332,appriciated,False
1333,umbata,False
1334,nethi,False
1335,spices,True
1336,walata,False
1337,dekak,False
1338,sendewak,False
1339,nane,False
1340,gully,True
1341,hamadama,False
1342,places,True
1343,dennektath,False
1344,to,True
1345,issara,False
1346,wadima,False
1347,rawatanawa,False
1348,weekdays,True
1349,-,False
1350,kiyapu,False
1351,puthe,False
1352,man,True
1353,pissu,False
1354,join,True
1355,nisada,False
1356,wesak,False
1357,gena,False
1358,liquor,True
1359,balaporiththu,False
1360,lasangya,False
1361,pimpkin,False
1362,unath,False
1363,hand,True
1364,garupputh,False
1365,people,True
1366,athdekimakuth,False
1367,containerswath,False
1368,gami,False
1369,kare,False
1370,kollupitiye,False
1371,sundara,False
1372,wathashraya,False
1373,theruwansarni,False
1374,am,True
1375,servise,False
1376,wine,True
1377,picture,True
1378,beranna,False
1379,lankaawa,False
1380,grevy,False
1381,sadayakata,False
1382,3na,False
1383,vegetarin,False
1384,office,True
1385,mousque,False
1386,00p,False
1387,that's,True
1388,tye,False
1389,kamathime,False
1390,badapirenna,False
1391,methana,False
1392,monath,False
1393,hulk,True
1394,wenanwa,False
1395,boring,True
1396,film,True
1397,complains,True
1398,janathawa,False
1399,gedi,False
1400,oil,True
1401,ragala,False
1402,prasiddai,False
1403,hithaganna,False
1404,sewawata,False
1405,yanthraya,False
1406,wathae,False
1407,thenak,False
1408,balaagena,False
1409,yak,True
1410,handi,False
1411,agamathi,False
1412,vagema,False
1413,attract,True
1414,10n,False
1415,garayak,False
1416,ok,False
1417,asawen,False
1418,know,True
1419,eeka,False
1420,thawa,False
1421,kollada,False
1422,kana,True
1423,sewakayo,False
1424,afford,True
1425,dunna,False
1426,idiappa,False
1427,issarahamai,False
1428,attractivewidiyata,False
1429,submarines,True
1430,ekramayathamihari,False
1431,kemath,False
1432,tiyana,False
1433,Plates,True
1434,microscope,True
1435,paribogika,False
1436,balaporoththu,False
1437,samakami,False
1438,1000k,False
1439,bones,True
1440,geniyanna,False
1441,ara,False
1442,nidahasa,False
1443,withra,False
1444,puluwan,False
1445,penwa,False
1446,aththama,False
1447,ambiance,True
1448,cakes,True
1449,saththu,False
1450,kalu,False
1451,waradi,False
1452,pasumbiyata,False
1453,can't,True
1454,laga,False
1455,appata,False
1456,wenawa,False
1457,morning,True
1458,pork,True
1459,petti,False
1460,emin,False
1461,kaluthara,False
1462,rahak,False
1463,those,True
1464,ban,True
1465,rewatenna,False
1466,gaththamadessert,False
1467,wadiyen,False
1468,wadhunada,False
1469,unatath,False
1470,koitharam,False
1471,eka8,False
1472,hithenwa,False
1473,caring,True
1474,thawatikak,False
1475,lesi,False
1476,yanne?,False
1477,gewanna,False
1478,'GRAZE,False
1479,kaaranawa,False
1480,mosquotes,False
1481,kothtuwak,False
1482,laranna,False
1483,potato,True
1484,power,True
1485,piliwelakata,False
1486,said,True
1487,tama,False
1488,labenakam,False
1489,curry,True
1490,patan,False
1491,kello,False
1492,superb,True
1493,havath,False
1494,problem,True
1495,budu,False
1496,krla,False
1497,Harima,False
1498,pramanaya,False
1499,ragena,False
1500,120k,False
1501,wen,True
1502,masala,False
1503,supiri,False
1504,hadala,False
1505,ratakac,False
1506,hadhan,False
1507,baa,True
1508,kloku,False
1509,amuth,False
1510,canteen,True
1511,dannawane,False
1512,hadhana,False
1513,mata,False
1514,environment,True
1515,relax,True
1516,karagena,False
1517,balanne,False
1518,don‚Äôt,True
1519,poddak,False
1520,wikunuwath,False
1521,yellow,True
1522,laxmimaniyange,False
1523,nigambo,False
1524,oder,False
1525,kohmada,False
1526,gasthuwa,False
1527,ekakatath,False
1528,pramithinta,False
1529,gihilla,False
1530,deela,False
1531,kemathi,False
1532,wathashrayak,False
1533,gahuwa,False
1534,deyak,False
1535,nisi,False
1536,tharamak,False
1537,that,True
1538,nikang,False
1539,bang,True
1540,hamanawa,False
1541,suwa,False
1542,outlet,True
1543,chlorine,True
1544,healthy,True
1545,also,True
1546,ill,True
1547,10%ka,False
1548,hadhahan,False
1549,ktha,False
1550,suitable,True
1551,far,True
1552,gunai,False
1553,ayada,False
1554,ekatama,False
1555,rotiyak,False
1556,sopanayak,False
1557,pizza,True
1558,kiyawanna,False
1559,charge,True
1560,aththtama,False
1561,customeslawa,False
1562,dannwa,False
1563,choices,True
1564,clam,True
1565,dhenne,False
1566,1080k,False
1567,tiyanava,False
1568,uncomfatable,False
1569,masso,False
1570,Hamadeyakma,False
1571,resturent,False
1572,congratulations,True
1573,budusaranai,False
1574,‡∂∂‡∂©‡∂ú‡∑í‡∂±‡∑í,False
1575,therum,False
1576,wideshikayanta,False
1577,una,False
1578,pirisuduth,False
1579,sea,True
1580,show,True
1581,watinne,False
1582,ganaka,False
1583,delay,True
1584,additional,True
1585,manda,False
1586,tibuna,False
1587,ganda,False
1588,waten,False
1589,chillipaste,False
1590,wedakma,False
1591,chpocywath,False
1592,cleaned,True
1593,athula,False
1594,wathkama,False
1595,thanaka,False
1596,madhi,False
1597,kolakenda,False
1598,truck,True
1599,mage,True
1600,gannwa,False
1601,daalada,False
1602,enakota,False
1603,7-8,True
1604,pay,True
1605,south,True
1606,so,True
1607,wood,True
1608,hawasata,False
1609,still,True
1610,watin,False
1611,wediyt,False
1612,Monday,True
1613,1-1/2,False
1614,awulak,False
1615,padhanamak,False
1616,nati,False
1617,paminena,False
1618,hithuwata,False
1619,hadhapu,False
1620,lime,True
1621,price,True
1622,kitchen,True
1623,rajaye,False
1624,sewakayangen,False
1625,sonduru,False
1626,holman,False
1627,android,True
1628,location,True
1629,withrai,False
1630,nohaki,False
1631,apekshakayada,False
1632,awula,False
1633,ekmaninma,False
1634,place,True
1635,mi,True
1636,bellanwila,False
1637,facility,True
1638,awashya,False
1639,hawas,False
1640,sawanak,False
1641,pub,True
1642,maintaing,False
1643,curry-dekama,False
1644,sajiwi,False
1645,yako,False
1646,re,True
1647,kottuwa,False
1648,madida,False
1649,kiyapan,False
1650,karalath,False
1651,thibun,False
1652,badaginnata,False
1653,kapa,False
1654,comments,True
1655,paste,True
1656,thiyenn,False
1657,specially,True
1658,inno,False
1659,kiyanna,False
1660,deyakma,False
1661,dilm,False
1662,seen,True
1663,wenadata,False
1664,siyalla,False
1665,hodta,False
1666,piti,False
1667,call,True
1668,cow,True
1669,reasonable,True
1670,yama,False
1671,pirisudu,False
1672,customcare,False
1673,are,True
1674,1ka,False
1675,sadarana,False
1676,airtel,False
1677,kaama‚Ä¶godaak,False
1678,believe,True
1679,wennaone,False
1680,driver,True
1681,srilankan,False
1682,boola,False
1683,prawns,True
1684,kemakma,False
1685,end,True
1686,parisarayen,False
1687,upstairs,True
1688,freshly,True
1689,organic,True
1690,puuwan,False
1691,eka00i,False
1692,weddek,False
1693,eka?,False
1694,athishayinma,False
1695,buffet,True
1696,ekakata,False
1697,8000,True
1698,langata,False
1699,Nice,True
1700,evening,True
1701,nadda,False
1702,nathnam,False
1703,control,True
1704,anything,True
1705,kalekata,False
1706,then,True
1707,parak,False
1708,lankans,False
1709,dhinanawaa,False
1710,karanava!!,False
1711,accidently,False
1712,style,True
1713,nidimath,False
1714,patta,False
1715,huk,False
1716,kaawe,False
1717,nangaa,False
1718,tarditional,False
1719,4,True
1720,therenawa,False
1721,dhenena,False
1722,diha,False
1723,mojuwa,False
1724,yanawa,False
1725,eyalagema,False
1726,echchrai,False
1727,i,True
1728,maarama,False
1729,mekanam,False
1730,Stuff,True
1731,poddakwath,False
1732,ata,False
1733,friedrice,False
1734,kelehi,False
1735,masa,False
1736,ganna,False
1737,popcorn,True
1738,sir,True
1739,winodajanaka,False
1740,nikam,False
1741,winadi,False
1742,neddakin,False
1743,channel,True
1744,dhadayak,False
1745,ekakatama,False
1746,pihiti,False
1747,wargayak,False
1748,perfect,True
1749,dear,True
1750,newak,False
1751,oppu,False
1752,prawn,True
1753,tha,False
1754,fresh,True
1755,hottel,False
1756,favourite,False
1757,langa,False
1758,bell,True
1759,ontime,False
1760,magaharaganna,False
1761,gahata,False
1762,godakma,False
1763,adui,False
1764,ekak,False
1765,lake,True
1766,familu,False
1767,yanne,False
1768,amma,False
1769,short,True
1770,hadana,False
1771,nawahama,False
1772,manasa,False
1773,jaffna,False
1774,reason,True
1775,siraa,False
1776,deelama,False
1777,kushan,False
1778,shok,False
1779,mandalaya,False
1780,hondata,False
1781,sindhuwa,False
1782,waren,False
1783,idan,False
1784,ikmnta,False
1785,Indian,True
1786,wadakma,False
1787,ahara,False
1788,kaalekin,False
1789,niladariya,False
1790,customer,True
1791,lankawai,False
1792,velaavak,False
1793,bus,True
1794,television,True
1795,wiwida,False
1796,kiynnath,False
1797,puding,False
1798,palamu,False
1799,unewath,False
1800,pahadili,False
1801,parinatha,False
1802,take,True
1803,crowd,True
1804,danawa,False
1805,eating,True
1806,hariya,False
1807,survice,False
1808,nawathan,False
1809,thibba,False
1810,deyakin,False
1811,üåü,False
1812,get,True
1813,thathwe,False
1814,kiyak,False
1815,wath,False
1816,eyanam,False
1817,kiwwata,False
1818,t,True
1819,hoyanawa,False
1820,musical,True
1821,hamathanama,False
1822,A,True
1823,kiyannath,False
1824,10ta,False
1825,wadipurama,False
1826,ada,False
1827,kiyewwe,False
1828,kadinamin,False
1829,awakashaya,False
1830,ahamben,False
1831,nidsa,False
1832,wassata,False
1833,oylatma,False
1834,balagena,False
1835,ayata,False
1836,horakam,False
1837,rahama,False
1838,aduprice,False
1839,noisy,True
1840,sindhu,False
1841,wala,False
1842,plates,True
1843,piliganime,False
1844,pihita,False
1845,live,True
1846,coconut,True
1847,hadanna,False
1848,sesame,True
1849,sahimakata,False
1850,anuwa,False
1851,pawule,False
1852,tuk-tuk,False
1853,hodam,False
1854,gahapan,False
1855,allaganin,False
1856,smoothie,True
1857,balalun,False
1858,partyak,False
1859,developping,False
1860,thambiyek,False
1861,kegalla,False
1862,andagena,False
1863,athurupasa,False
1864,watalappan,False
1865,karapincha,False
1866,wadiwela,False
1867,flavors,True
1868,klata,False
1869,english,False
1870,honey,True
1871,ahanawa,False
1872,russia,False
1873,unge,False
1874,q,True
1875,dapu,False
1876,wenna,False
1877,okay,True
1878,giyavele,False
1879,additives,True
1880,kalayai,False
1881,dhepaththata,False
1882,ikmanin,False
1883,kadekin,False
1884,ithin,False
1885,star,True
1886,glass,True
1887,thathwaye,False
1888,3,True
1889,aye,True
1890,enviroment,False
1891,series,True
1892,yata,False
1893,jarama,False
1894,mesayaka,False
1895,colomba,False
1896,atye,False
1897,aththa,False
1898,singappooru,False
1899,anith,False
1900,compare,True
1901,ella,False
1902,sulan,False
1903,gotabaya,False
1904,(first,False
1905,balana,False
1906,edit,True
1907,ewara,False
1908,jara,False
1909,tika,False
1910,weligama,False
1911,aganaa,False
1912,matter,True
1913,flavurs,False
1914,mobile,True
1915,pamanai,False
1916,sample,True
1917,kiyala,False
1918,dilanmonawata,False
1919,worth,True
1920,three,True
1921,lamayektath,False
1922,pitipasse,False
1923,ona,False
1924,sutff,False
1925,neh,False
1926,2ka,False
1927,winebottle,False
1928,awanhalakata,False
1929,floor,True
1930,arinn,False
1931,thattamala,False
1932,thavath,False
1933,75,True
1934,One,True
1935,tamai,False
1936,gathiyak,False
1937,titan,True
1938,adaraniyan,False
1939,doesnt,False
1940,genne,False
1941,privacy,True
1942,yuthui,False
1943,beer,True
1944,hithuwewath,False
1945,waasanaawa,False
1946,asadharanai,False
1947,gunayak,False
1948,ekkenektawath,False
1949,wedda,False
1950,alcohol,True
1951,wenamama,False
1952,uth,False
1953,repear,False
1954,limited,True
1955,class,True
1956,house,True
1957,sidhiya,False
1958,pahasu,False
1959,muslim,False
1960,‡∂≠‡∑í‡∂∫‡∂±‡∑Ä,False
1961,giyapu,False
1962,viriya,False
1963,kathaa,False
1964,oyaage,False
1965,mithrashiliwa,False
1966,hondhai,False
1967,oyaath,False
1968,ahuwath,False
1969,samidu,False
1970,ripe,True
1971,mahatha,False
1972,enawa,False
1973,umba,False
1974,10,True
1975,deparak,False
1976,metharam,False
1977,&,False
1978,yaanna,False
1979,padui,False
1980,parissamata,False
1981,ganak,False
1982,chopcy,False
1983,generation,True
1984,hambenewa,False
1985,adhikai,False
1986,minisun,False
1987,buriyani,False
1988,ekai,False
1989,vision,True
1990,vadi,False
1991,‡∂ë‡∂ö,False
1992,hithath,False
1993,athe,False
1994,expensive,True
1995,parakma,False
1996,adahiya,False
1997,pethum,False
1998,hondai,False
1999,ekkath,False
2000,size,True
2001,kemakata,False
2002,talks,True
2003,4k,False
2004,karama,False
2005,services,True
2006,thama,False
2007,raththaran,False
2008,daanna,False
2009,subscribe,True
2010,damma,False
2011,ekek,False
2012,comfatable,False
2013,hithenne,False
2014,friendly,True
2015,hotel,True
2016,plate,True
2017,natha,False
2018,meka,False
2019,mala,False
2020,without,True
2021,poddai,False
2022,kewa,False
2023,warada,False
2024,tenawa,False
2025,sewawan,False
2026,paradesak,False
2027,dhenda,False
2028,pirisidu,False
2029,health,True
2030,meh,True
2031,ei,False
2032,paavichchi,False
2033,kalaketa,False
2034,maintaining,True
2035,improve,True
2036,artificia,False
2037,waddaa,False
2038,bullshit,True
2039,anthaye,False
2040,hri,False
2041,peyakatath,False
2042,usata,False
2043,batu,False
2044,dennek,False
2045,salakanawa,False
2046,kamathi,False
2047,chetinad,False
2048,anek,False
2049,thawama,False
2050,staff,True
2051,adika,False
2052,dariya,False
2053,thopi,False
2054,kamath,False
2055,wagemai,False
2056,tibune,False
2057,echchara,False
2058,wikarayakda,False
2059,awanhal,False
2060,kiri,False
2061,hondhata,False
2062,building,True
2063,enjoyed,True
2064,sinhala,False
2065,thiyapu,False
2066,badu,False
2067,gannwanam,False
2068,suhadawa,False
2069,amaizing,False
2070,pack,True
2071,tharan,False
2072,adaraniyai,False
2073,salakanne,False
2074,chande,False
2075,asama,False
2076,hadane,False
2077,pirisata,False
2078,bike,True
2079,agaya,False
2080,gaanata,False
2081,game,True
2082,kaale,False
2083,ganne,False
2084,wdak,False
2085,prices,True
2086,niza,False
2087,nathi,False
2088,list,True
2089,dennawath,False
2090,responsible,True
2091,cats,True
2092,apple,True
2093,aluth,False
2094,decent,True
2095,mekath,False
2096,Sampradayika,False
2097,thalayaka,False
2098,same,True
2099,oita,False
2100,athwasum,False
2101,our,True
2102,eketh,False
2103,pani,False
2104,dunneth,False
2105,sri,False
2106,inside,True
2107,dene,False
2108,up,True
2109,tharuna,False
2110,simidhu,False
2111,coulpes,False
2112,ayatath,False
2113,sera,False
2114,duration,True
2115,welwa,False
2116,ekedi,False
2117,gaanath,False
2118,gana,False
2119,ugannan,False
2120,halal,True
2121,ohe,False
2122,well,True
2123,kauruth,False
2124,EnglishTamil,False
2125,kakaa,False
2126,gedarata,False
2127,oya,False
2128,tikanam,False
2129,bun,True
2130,decorratin,False
2131,share,True
2132,karai,False
2133,time,True
2134,wenas,False
2135,kolapaata,False
2136,bambo,False
2137,hadanawa,False
2138,supiriyatama,False
2139,chiness,False
2140,athleast,False
2141,palaweni,False
2142,poolime,False
2143,pramanawath,False
2144,raha,False
2145,ganama,False
2146,sansun,False
2147,balahan,False
2148,seperate,False
2149,hithanne,False
2150,paaribogika,False
2151,yanakal,False
2152,amuththange,False
2153,hamadekatama,False
2154,wadiwenna,False
2155,was,True
2156,Llankawe,False
2157,niyama,False
2158,gunathmakabawaya,False
2159,ihala,False
2160,gennama,False
2161,obawa,False
2162,respect,True
2163,solotravellerslata,False
2164,wikunala,False
2165,ordered,True
2166,cube,True
2167,gaanak,False
2168,will,True
2169,kela,False
2170,real,True
2171,wagema,False
2172,banee,False
2173,kiyla,False
2174,nagaraya,False
2175,nice,True
2176,muss,True
2177,microwave,True
2178,hamoma,False
2179,curd,True
2180,piganakwath,False
2181,reta,False
2182,sahenna,False
2183,wikinenawa,False
2184,need,True
2185,gitur,False
2186,diyunui,False
2187,embilipitiye,False
2188,nrmal,False
2189,wenda,False
2190,tag,True
2191,widina,False
2192,witharamai,False
2193,penuma,False
2194,aganthuka,False
2195,toilet,True
2196,kipaya,False
2197,tiyenawa,False
2198,gmn,False
2199,anumatha,False
2200,meyalage,False
2201,wahanawa,False
2202,hithannewath,False
2203,nescaffe,False
2204,great,True
2205,husband,True
2206,ah,True
2207,express,True
2208,seat,True
2209,niyamitha,False
2210,echcharama,False
2211,sigiriye,False
2212,danuna,False
2213,including,True
2214,Staff,True
2215,pricy,False
2216,60-7o,False
2217,wedi,False
2218,rahai,False
2219,nawaththanna,False
2220,ammi,False
2221,basckets,False
2222,itha,False
2223,thiyenawa,False
2224,hostel,True
2225,resturent',False
2226,aniwaarayenma,False
2227,samanyen,False
2228,kudayak,False
2229,aniwarenama,False
2230,romantic,True
2231,aaye,False
2232,jathiye,False
2233,rasawath,False
2234,thma,False
2235,sarasala,False
2236,saranai!,False
2237,dosa,False
2238,diyunu,False
2239,nugegoda,False
2240,widiyaka,False
2241,‡∂Ω‡∑É‡∑ä‡∑É‡∂±‡∂∫‡∑í,False
2242,gen,True
2243,buns,True
2244,sewawath,False
2245,labadenna,False
2246,elimahan,False
2247,glousewath,False
2248,unu,False
2249,owner,True
2250,unata,False
2251,balannth,False
2252,hondhama,False
2253,podhu,False
2254,waitersla,False
2255,loverslata,False
2256,reviews,True
2257,rasama,False
2258,taxi,True
2259,extre,False
2260,yudhaya,False
2261,sahena,False
2262,kiwwenam,False
2263,while,True
2264,amuthu,False
2265,barrel,True
2266,muwa,False
2267,pathi,False
2268,aaramba,False
2269,wineetha,False
2270,eeth,False
2271,towel,True
2272,cant,True
2273,goddak,False
2274,pitin,False
2275,monatharam,False
2276,kisi,False
2277,beraganna,False
2278,ussan,False
2279,tho,True
2280,thun,False
2281,veg,True
2282,rasat,False
2283,kawe,False
2284,sausages,True
2285,gilwimen,False
2286,uludu,False
2287,deleshous,False
2288,amaru,False
2289,allanawa,False
2290,ela,False
2291,kada,False
2292,open,True
2293,evetything,False
2294,mona,False
2295,monawath,False
2296,iwasillak,False
2297,on,True
2298,deserts,True
2299,sup,True
2300,metahnata,False
2301,sthuthi,False
2302,getalu,False
2303,geyaka,False
2304,expire,True
2305,ratawal,False
2306,bageta,False
2307,hare,True
2308,kapuru,False
2309,kiyannema,False
2310,wiyadam,False
2311,heavy,True
2312,pirisidui,False
2313,mathak,False
2314,widiyta,False
2315,suwadak,False
2316,agayanna,False
2317,ikman,False
2318,suhadashili,False
2319,dinner,True
2320,after,True
2321,kalayakata,False
2322,400,True
2323,thrupthumath,False
2324,appiriyai,False
2325,party,True
2326,mewata,False
2327,vehicles,True
2328,excellent,True
2329,tharame,False
2330,branch,True
2331,hamotama,False
2332,vage,False
2333,charges,True
2334,karannawath,False
2335,serving,True
2336,gaanawath,False
2337,pasu,False
2338,customerslage,False
2339,nathuwa,False
2340,for,True
2341,mathaka,False
2342,kaaleka,False
2343,chutakwath,False
2344,high,True
2345,nothing,True
2346,modern,True
2347,atthatama,False
2348,dum,False
2349,ekath,False
2350,sing,True
2351,sugar,True
2352,papers,True
2353,paththata,False
2354,couple,True
2355,basmathi,False
2356,hangout,True
2357,wge,False
2358,dancing,True
2359,wada,False
2360,friday,False
2361,inna,False
2362,aadarei,False
2363,polici,False
2364,mnda,False
2365,vela,True
2366,geyak,False
2367,purudhu,False
2368,hamawelawakama,False
2369,epaa,False
2370,nasiguran,False
2371,pisa,False
2372,here,True
2373,vachana,False
2374,candle,True
2375,uththara,False
2376,shushy,False
2377,ganakin,False
2378,pade,False
2379,paribogikyata,False
2380,araunama,False
2381,rice,True
2382,labaagena,False
2383,wunath,False
2384,chemicals,True
2385,haduna,False
2386,kali,False
2387,green,True
2388,seriously,True
2389,LIYONS',False
2390,night,True
2391,nilamelata,False
2392,bodimaka,False
2393,saha,False
2394,5ta,False
2395,moda,False
2396,anaagatheta,False
2397,godal,False
2398,everything,True
2399,keep,True
2400,mal,False
2401,rupiyal,False
2402,pawathwanna,False
2403,unaama,False
2404,ayema,False
2405,salakanavaa,False
2406,eyath,False
2407,Delicious,True
2408,atmosphere,True
2409,creative,True
2410,survive,True
2411,kauda,False
2412,aththada,False
2413,karagannawa,False
2414,like,True
2415,unknown,True
2416,dhinum,False
2417,_x000D_,False
2418,tata,False
2419,sammatha,False
2420,foods,True
2421,puthek,False
2422,thorai,False
2423,wenida,False
2424,fired,True
2425,unique,True
2426,one,True
2427,habai,False
2428,kiyada,False
2429,Mage,True
2430,kisimadeyak,False
2431,watinwa,False
2432,Mama,True
2433,gye,False
2434,distance,True
2435,liyanna,False
2436,conditions,True
2437,ehemath,False
2438,prayojanayak,False
2439,coffeee,False
2440,nawaththana,False
2441,mahala,False
2442,gedaratama,False
2443,machan?,False
2444,steak,True
2445,jelly,True
2446,option,True
2447,oba,False
2448,nisama,False
2449,from,True
2450,wow,True
2451,hitiya,False
2452,suda,False
2453,rasakaraka,False
2454,sathutak,False
2455,hithannne,False
2456,rotty,False
2457,customized,True
2458,sanitizer,False
2459,side,True
2460,apathe,False
2461,tikakwath,False
2462,1,True
2463,tip,True
2464,aduiii,False
2465,awagema,False
2466,awidin,False
2467,denwa,False
2468,apiwa,False
2469,relaxing,True
2470,samahara,False
2471,grill,True
2472,kumbith,False
2473,foriegnersla,False
2474,winoda,False
2475,adahas,False
2476,senaga,False
2477,350,True
2478,kenai,False
2479,ilaga,False
2480,muluthen,False
2481,methanat,False
2482,tharamata,False
2483,rath,False
2484,thambana,False
2485,karanna,False
2486,itin,False
2487,wiski,False
2488,mosquitos,False
2489,lagata,False
2490,upadesak,False
2491,dan,False
2492,rainy,True
2493,methanta,False
2494,masekata,False
2495,kankun,False
2496,koththui,False
2497,hama,False
2498,karadarayak,False
2499,package,True
2500,Little,True
2501,ado,True
2502,celebrate,True
2503,200k,False
2504,methek,False
2505,maduruwo,False
2506,apirisidu,False
2507,close,True
2508,yakku,False
2509,ghoshakari,False
2510,waiterslata,False
2511,basic,True
2512,yanna,False
2513,concept,True
2514,sahitha,False
2515,hitiyoth,False
2516,hamaparama,False
2517,janadhipathi,False
2518,kenath,False
2519,main,True
2520,not,True
2521,koleth,False
2522,e,True
2523,themi,False
2524,jayawewa,False
2525,meeta,False
2526,confirm,True
2527,dawal,False
2528,sahagathai,False
2529,handsoap,False
2530,hithanawa,False
2531,oyath,False
2532,gaththama,False
2533,hamboo,False
2534,ekatath,False
2535,selections,True
2536,sahallu,False
2537,galapena,False
2538,ulundu,False
2539,home,True
2540,badaginne,False
2541,udawwak,False
2542,cooking,True
2543,dennama,False
2544,kotasa,False
2545,belli,False
2546,rooms,True
2547,lion,True
2548,sadaha,False
2549,highly,True
2550,wenuwata,False
2551,aaaa,False
2552,350k,False
2553,payments,True
2554,indan,False
2555,kaduluth,False
2556,muluthangeyak,False
2557,uthsawayakata,False
2558,yodaganna,False
2559,kaha,False
2560,bags,True
2561,wear,True
2562,supiriüòãüëå,False
2563,wadata,False
2564,wishes,True
2565,maw,True
2566,several,True
2567,superbService,False
2568,dala,False
2569,tyanawa,False
2570,pocket,True
2571,eyalage,False
2572,ba,False
2573,shells,True
2574,Kama,True
2575,hitoyath,False
2576,portion,True
2577,spoons,True
2578,wadak,False
2579,siyalu,False
2580,awshya,False
2581,balls,True
2582,personally,True
2583,idheieda,False
2584,karana,False
2585,karyamadalayak,False
2586,rathri,False
2587,quality,True
2588,during,True
2589,innaw,False
2590,dannawada,False
2591,kadinamwa,False
2592,Lankan,True
2593,hadhenna,False
2594,wenasakata,False
2595,walin,False
2596,ammage,False
2597,sewakayan,False
2598,money,True
2599,hithanna,False
2600,guestlata,False
2601,concern,True
2602,ahanna,False
2603,unanawa,False
2604,sampradayika,False
2605,anayak,False
2606,24,True
2607,athdekima,False
2608,nidahase,False
2609,karanava,False
2610,akke,False
2611,asian,False
2612,spicy,True
2613,kaawada,False
2614,aasawata,False
2615,jeewithe,False
2616,rules,True
2617,goda,False
2618,hithuna,False
2619,dessert,True
2620,dakkath,False
2621,issue,True
2622,labena,False
2623,I,True
2624,'graze,False
2625,wad,True
2626,bad,True
2627,vegetables,True
2628,samanya,False
2629,elle,False
2630,thibaha,False
2631,arrack,False
2632,shop,True
2633,kamak,False
2634,wayusamikaranaya,False
2635,mokakda,False
2636,dammata,False
2637,wel,False
2638,800,True
2639,kirimak,False
2640,fanstactic,False
2641,welawe,False
2642,lamainta,False
2643,hondhamai,False
2644,ganang,False
2645,lankan,False
2646,data,True
2647,pirisakata,False
2648,labenne,False
2649,dust,True
2650,set,True
2651,why,True
2652,wiyadm,False
2653,young,True
2654,thiyanawa,False
2655,kesek,False
2656,kalayuthui,False
2657,Price,True
2658,dawasin,False
2659,hours,True
2660,a,True
2661,overall,True
2662,ahinsaka,False
2663,aththatam,False
2664,burger,True
2665,kalath,False
2666,meat,True
2667,kaama,False
2668,cc,True
2669,complain,True
2670,mousse,True
2671,every,True
2672,uyapu,False
2673,peyakata,False
2674,balapthra,False
2675,roti,False
2676,hithene,False
2677,watinakam,False
2678,massoth,False
2679,subapathum,False
2680,mom,True
2681,mila,False
2682,amazing,True
2683,date,True
2684,therim,False
2685,fight,True
2686,lata,False
2687,mathakayak,False
2688,loku,False
2689,8,True
2690,yumy,False
2691,karamin,False
2692,iwari,False
2693,lamayekta,False
2694,extremely,True
2695,ektama,False
2696,thopita,False
2697,key,True
2698,macho,True
2699,karagannath,False
2700,issaraha,False
2701,wiwekayak,False
2702,incharge,False
2703,sevice,False
2704,sankalpayata,False
2705,thamath,False
2706,nangi,False
2707,denekta,False
2708,ida,False
2709,idagena,False
2710,niyami,False
2711,haki,False
2712,danagaththe,False
2713,unuwathure,False
2714,colamba,False
2715,athule,False
2716,gaananam,False
2717,noodless,False
2718,wagakimen,False
2719,awanhalaka,False
2720,flies,True
2721,many,True
2722,pulp,True
2723,small,True
2724,unusum,False
2725,katawath,False
2726,kaawata,False
2727,karadarai,False
2728,thiye,False
2729,sudu,False
2730,anik,False
2731,pattama,False
2732,jarawak,False
2733,bub,True
2734,kara,False
2735,methnat,False
2736,tyena,False
2737,parisarayak,False
2738,liyala,False
2739,minissunge,False
2740,topping,True
2741,sitha,False
2742,free,True
2743,hitapu,False
2744,invited,True
2745,hair,True
2746,mada,False
2747,builders,True
2748,approve,True
2749,iawara,False
2750,atha,False
2751,jivitheta,False
2752,ekkeknekta,False
2753,regular,True
2754,kamai,False
2755,igena,False
2756,poyata,False
2757,pitarata,False
2758,kewath,False
2759,yatin,False
2760,Hoppeers,False
2761,wathura,False
2762,tuk,False
2763,watching,True
2764,adhika,False
2765,wenasak,False
2766,kadenawa,False
2767,itath,False
2768,liyawuna,False
2769,beda,False
2770,balanu,False
2771,karannath,False
2772,naatya,False
2773,250ta,False
2774,ü§êü§êüôÅ,False
2775,neda,False
2776,thiyala,False
2777,cinnoman,False
2778,hamadeyak,False
2779,1kata,False
2780,drive,True
2781,testy,True
2782,wadith,False
2783,mudhalata,False
2784,hamana,False
2785,sandwith,False
2786,situatin,False
2787,miyo,False
2788,wegawath,False
2789,italian,False
2790,days,True
2791,5-6,True
2792,hithana,False
2793,dheela,False
2794,design,True
2795,lokukama,False
2796,sathi,False
2797,nathiwei,False
2798,munta,False
2799,hadena,False
2800,boru,False
2801,hithuwa,False
2802,7,True
2803,decoration,True
2804,pethi,False
2805,kaapu,False
2806,gunathmaka,False
2807,mudalata,False
2808,accident,True
2809,mind,True
2810,ube,False
2811,durwalai,False
2812,'napo',False
2813,paranai,False
2814,kewata,False
2815,empty,True
2816,minute,True
2817,baye,False
2818,bayai,False
2819,kathawak,False
2820,deleshious,False
2821,balan,False
2822,kanawa,False
2823,yalu,False
2824,bemmak,False
2825,kamaththen,False
2826,newei,False
2827,muge,False
2828,artifical,False
2829,fooda,False
2830,business,True
2831,loweth,False
2832,hawasatath,False
2833,anawum,False
2834,rakadewa,False
2835,3ma,False
2836,dhenek,False
2837,tikakata,False
2838,iwasiliwantha,False
2839,waited,True
2840,karaata,False
2841,gattama,False
2842,vegetable,True
2843,rakina,False
2844,shanika,False
2845,dhennawa,False
2846,fruits,True
2847,daanavaa,False
2848,kegalle,False
2849,enjoy,True
2850,j,True
2851,kiripiti,False
2852,hondhatama,False
2853,eka5,False
2854,piliwalai,False
2855,malu,False
2856,dhewaluth,False
2857,ganudenukaruwanta,False
2858,ekawarama,False
2859,puhunu,False
2860,dhunna,False
2861,8p,False
2862,loobayek,False
2863,disturbance,True
2864,sewadayakayongen,False
2865,ai,False
2866,vegetarians,True
2867,360',False
2868,blue,True
2869,ghin,False
2870,as,True
2871,next,True
2872,almariyata,False
2873,attraction,True
2874,hamadema,False
2875,3i,False
2876,gaththa,False
2877,nidan,False
2878,widiyath,False
2879,payasam,False
2880,wonderfull,False
2881,duwe,False
2882,crowded,True
2883,lesa,False
2884,no,True
2885,kellage,False
2886,hapoi,False
2887,dunne,False
2888,mallith,False
2889,milkrice,False
2890,eye,True
2891,bojanagaraye,False
2892,photo,True
2893,situation,True
2894,ajinamoto,False
2895,pathanawa,False
2896,baha,False
2897,dipu,False
2898,counter,True
2899,40,True
2900,dakawanawa,False
2901,eh,True
2902,about,True
2903,randu,False
2904,yakuwek,False
2905,paw,True
2906,haiyen,False
2907,kalama,False
2908,baladdi,False
2909,ena,False
2910,giyane,False
2911,piliganwanne,False
2912,sizes,True
2913,amazingly,True
2914,thoroughly!,False
2915,you????,False
2916,padamak,False
2917,genaapu,False
2918,anoda,False
2919,arrangement,True
2920,gas,True
2921,ayin,False
2922,sangeethamaya,False
2923,inne‚Ä¶,False
2924,hithannepa,False
2925,ekata,False
2926,indian,False
2927,padipelak,False
2928,lemon,True
2929,wathurath,False
2930,dakala,False
2931,customersla,False
2932,nata,False
2933,sook,False
2934,delivery,True
2935,thatakayak,False
2936,weda,False
2937,dheshaye,False
2938,clean,True
2939,wishishta,False
2940,eeee,False
2941,sewaya,False
2942,kade,False
2943,dhinayedi,False
2944,friends,True
2945,juice,True
2946,daa,False
2947,kaama‚Ä¶,False
2948,wast,True
2949,3nama,False
2950,kalatath,False
2951,kusalathawa,False
2952,monawada,False
2953,wamaneth,False
2954,texture,True
2955,methanata,False
2956,don't,True
2957,long,True
2958,hot,True
2959,sathkaara,False
2960,jeewithee,False
2961,welawa,False
2962,apen,False
2963,piliganimata,False
2964,cuttlfish,False
2965,want,True
2966,padi,False
2967,itim,False
2968,reuqirements,False
2969,akalana,False
2970,honestly,True
2971,manager,True
2972,artificial,True
2973,dodam,False
2974,thiyana,False
2975,too5,False
2976,kamarath,False
2977,baluwa,False
2978,ponnoyoth,False
2979,waradak,False
2980,kothtu,False
2981,shushi,False
2982,wera,False
2983,hambuna,False
2984,kal,False
2985,curries,True
2986,dishes,True
2987,toffiyak,False
2988,udinma,False
2989,hitawanna,False
2990,orders,True
2991,variety,True
2992,bilata,False
2993,700-,True
2994,awa,False
2995,chocolate,True
2996,ewath,False
2997,12ta,False
2998,machan,False
2999,hirata,False
3000,welawatama,False
3001,desart,False
3002,served,True
3003,echcharai,False
3004,lokui,False
3005,saadu,False
3006,bedala,False
3007,european,False
3008,wereddakwath,False
3009,koleka,False
3010,hambune,False
3011,amatha,False
3012,ahaa,False
3013,ennma,False
3014,badapu,False
3015,breakfast,True
3016,deliver,True
3017,welwakama,False
3018,aniwaryenma,False
3019,supirima,False
3020,low,True
3021,sulu,False
3022,Please,True
3023,1st,True
3024,thiyanna,False
3025,koleta,False
3026,niskalanka,False
3027,kiyalawath,False
3028,came,True
3029,hit,True
3030,pahasukam,False
3031,pan,True
3032,needa,False
3033,monawa,False
3034,lipstick,True
3035,athulata,False
3036,hithan,False
3037,'allergy',False
3038,mutton,True
3039,oneda,False
3040,admins,True
3041,face,True
3042,thumiyata,False
3043,plce,False
3044,mayata,False
3045,karath,False
3046,danna,False
3047,paranama,False
3048,kiyanne,False
3049,management,True
3050,genath,False
3051,prashne,False
3052,rate,True
3053,lunch,True
3054,acting,True
3055,council,True
3056,kaloth,False
3057,rataka,False
3058,udath,False
3059,aduwena,False
3060,watenne,False
3061,kathakaranawa,False
3062,widihe,False
3063,hithena,False
3064,seafoof,False
3065,janapriya,False
3066,aroma,True
3067,tyenna,False
3068,poor,True
3069,outing,True
3070,sewakayoweda,False
3071,nitharama,False
3072,thanatama,False
3073,danne,False
3074,yai,False
3075,karunaawen,False
3076,mudalakata,False
3077,gunaya,False
3078,dakke,False
3079,famous,True
3080,name,True
3081,except,True
3082,kathaawak,False
3083,eats,True
3084,lamaitath,False
3085,karalam,False
3086,number,True
3087,wadiyi,False
3088,manners,True
3089,comfartable,False
3090,maintained,True
3091,crab,True
3092,hamawitama,False
3093,Beer,True
3094,badagini,False
3095,methanin,False
3096,boy,True
3097,hiru,False
3098,absolutely,True
3099,gahanna,False
3100,wahana,False
3101,oscillate,True
3102,panuwek,False
3103,kethai,False
3104,avacado,False
3105,gthkrnnapluwan,False
3106,lagat,False
3107,ewage,False
3108,beautiful,True
3109,aththema,False
3110,salt,True
3111,foriengenerslata,False
3112,noda,False
3113,demawpiyan,False
3114,namata,False
3115,resturanant,False
3116,use,True
3117,thenakin,False
3118,dawasa,False
3119,üòãüòç,False
3120,balanawa,False
3121,pitath,False
3122,kemkma,False
3123,strawberry,True
3124,mewa,False
3125,githa,False
3126,niyametama,False
3127,attractive,True
3128,too0eka9,False
3129,spend,True
3130,big,True
3131,witharai,False
3132,siyallama,False
3133,samboleta,False
3134,hitya,False
3135,They,True
3136,thibunata,False
3137,epa,False
3138,area,True
3139,ven,False
3140,kandy,False
3141,sahathika,False
3142,parasayan,False
3143,unama,False
3144,awanhalata,False
3145,god,True
3146,badadawakama,False
3147,karala,False
3148,gandak,False
3149,pannipitiya,False
3150,customecare,False
3151,kisima,False
3152,salasanawa,False
3153,seafoods,False
3154,onion,True
3155,ekkata,False
3156,mewage,False
3157,pawathwanawa,False
3158,hadhawathinma,False
3159,balannath,False
3160,hodakuth,False
3161,igenagatthe,False
3162,meyalata,False
3163,woodapple,False
3164,dirty,True
3165,wagon,True
3166,varity,False
3167,song,True
3168,katata,False
3169,yummy,True
3170,cozy,True
3171,naginne,False
3172,ekkenai,False
3173,baya,False
3174,kenektama,False
3175,thmai,False
3176,should,True
3177,good,True
3178,mesa,True
3179,dawalta,False
3180,wela,False
3181,pramukathawaya,False
3182,iwarai,False
3183,drinking,True
3184,feeling,True
3185,tyala,False
3186,waiter,True
3187,nemeine,False
3188,Lanwawe,False
3189,kiyana,False
3190,narakama,False
3191,thiyenna,False
3192,feel,True
3193,bongo,True
3194,nithi,False
3195,nuga,False
3196,manam,False
3197,balnna,False
3198,pudding,True
3199,charithaya,False
3200,ambience,False
3201,methnata,False
3202,!,False
3203,awasthawa,False
3204,weredduwa,False
3205,reswimak,False
3206,4000k,False
3207,depend,True
3208,pawlak,False
3209,gada,False
3210,mosquitoes,True
3211,udeta,False
3212,parisaraya,False
3213,unfortunatelly,False
3214,macarony,False
3215,bona,False
3216,piliwelak,False
3217,social,True
3218,bashawen,False
3219,kaawahari,False
3220,therune,False
3221,duppath,False
3222,meyalagen,False
3223,withara,False
3224,dila,False
3225,maintain,True
3226,aasama,False
3227,balance,True
3228,bathui,False
3229,kapuchino,False
3230,eka00/eka00,False
3231,godai,False
3232,yodagena,False
3233,ikmanta,False
3234,rasak,False
3235,eewune,False
3236,hitva,False
3237,thiyedhi,False
3238,wage,True
3239,daka,False
3240,sagal,False
3241,hithenava,False
3242,hrima,False
3243,hadhila,False
3244,kewama,False
3245,lamai,False
3246,kala,False
3247,mushroom,True
3248,dhenna,False
3249,lamaita,False
3250,sahamulinma,False
3251,nehda,False
3252,bajana,False
3253,45,True
3254,kole,False
3255,view,True
3256,only,True
3257,wena,False
3258,new,True
3259,chalk,True
3260,gaasthu,False
3261,issuwa,False
3262,pasta,True
3263,in,True
3264,helmat,False
3265,labune,False
3266,waadi,False
3267,tissue,True
3268,enawata,False
3269,aadaraya‚Ä¶,False
3270,daala,False
3271,minutes,True
3272,coffee,True
3273,brownie,True
3274,dakkamath,False
3275,kereemak,False
3276,delicious!,False
3277,manage,True
3278,packet,True
3279,mongal,False
3280,thaman,False
3281,puluvan,False
3282,tissues,True
3283,you,True
3284,hoyana,False
3285,nisa,False
3286,kasippu,False
3287,houseflies,True
3288,pirisiduwata,False
3289,herbal,True
3290,hamota,False
3291,samara,False
3292,300,True
3293,wagena,False
3294,tikk,False
3295,permanant,False
3296,thanduri,False
3297,MSG,True
3298,neda?,False
3299,city,True
3300,dakwamu,False
3301,gennagena,False
3302,errrree,False
3303,salads,True
3304,oke,False
3305,alla,False
3306,sweet,True
3307,nadaththu,False
3308,jayen,False
3309,khmada,False
3310,meyaa,False
3311,hoda,False
3312,less,True
3313,ta,True
3314,adambarai,False
3315,pickles,True
3316,samasthayak,False
3317,arenna,False
3318,lovely,True
3319,chill,True
3320,padda,False
3321,tatse,False
3322,but,True
3323,paadui,False
3324,sathiyata,False
3325,kaalekata,False
3326,professional,True
3327,positive,True
3328,best,True
3329,hodi,False
3330,durty,False
3331,thawth,False
3332,wool,True
3333,difference,True
3334,tyenawada,False
3335,kadisarawa,False
3336,unuwen,False
3337,rajakariya,False
3338,garlic,True
3339,hamadeyakama,False
3340,hema,False
3341,color,True
3342,nidahasak,False
3343,paule,False
3344,back,True
3345,bila,False
3346,unwena,False
3347,11,True
3348,15%,False
3349,labila,False
3350,idalama,False
3351,enawaa,False
3352,okkoma,False
3353,namkema,False
3354,illuwama,False
3355,barida,False
3356,‡∂ë‡∂ö‡∂≠‡∑ä,False
3357,made,True
3358,thana,False
3359,add,True
3360,prashnayak,False
3361,iwara,False
3362,ajith,False
3363,awurudu,False
3364,signature,True
3365,nasigoreng,False
3366,paara,False
3367,rasaye,False
3368,team,True
3369,read,True
3370,lankawe,False
3371,shops,True
3372,kema,False
3373,thenath,False
3374,viski,False
3375,tharuniyan,False
3376,bites,True
3377,labaya,False
3378,nursary,False
3379,dekka,False
3380,karaduwa,False
3381,gatalukari,False
3382,maduru,False
3383,kamaththak,False
3384,inne,False
3385,eadui,False
3386,giya,False
3387,widihata,False
3388,italy,False
3389,welcome,True
3390,poduwe,False
3391,‡∂∏‡∑ö,False
3392,customercare,False
3393,ekka,False
3394,standarded,False
3395,100%k,False
3396,danenne,False
3397,ekakin,False
3398,vinadi,False
3399,saukya,False
3400,ocean,True
3401,groups,True
3402,hitina,False
3403,surrounding,True
3404,yuthu,False
3405,chines,True
3406,aniwaaren,False
3407,tyenw,False
3408,eat,True
3409,yoghurt,False
3410,graze,True
3411,nama,False
3412,ever,True
3413,priyajanaka,False
3414,wathawaraayak,False
3415,paata,False
3416,bit,True
3417,cooked,True
3418,pathanna,False
3419,mother,True
3420,uber,False
3421,athiwenna,False
3422,wima,False
3423,gewasimata,False
3424,least,True
3425,nsa,False
3426,nasthi,False
3427,brand,True
3428,awan,False
3429,pattareta,False
3430,fort,True
3431,decorration,False
3432,widiye,False
3433,dakkama,False
3434,kale,True
3435,hadanaw,False
3436,safety,True
3437,matath,False
3438,kanna,False
3439,ithuru,False
3440,krna,False
3441,wa,False
3442,yaluwan,False
3443,wadiya,False
3444,hasirimath,False
3445,dukak,False
3446,ahurupasa,False
3447,they,True
3448,paudgalika,False
3449,eke,True
3450,functions,True
3451,mask,True
3452,singapuruwa,False
3453,weredak,False
3454,mnager,False
3455,enakam,False
3456,th,False
3457,Api,False
3458,tynawa,False
3459,thank,True
3460,kaamanam,False
3461,aththamai,False
3462,balathdi,False
3463,secuirity,False
3464,hondatama,False
3465,company,True
3466,üá±üá∞,False
3467,karaddi,False
3468,pus,True
3469,ekkama,False
3470,mwthana,False
3471,maru,False
3472,lunu,False
3473,room,True
3474,dhunne,False
3475,karanawaa,False
3476,uparimai,False
3477,dawasaking,False
3478,disturb,True
3479,wiwekiwa,False
3480,eliye,False
3481,sombolayak,False
3482,balkani,False
3483,gaga,True
3484,sangithaya,False
3485,purawala,False
3486,standard,True
3487,un,False
3488,aiyye,False
3489,suprice,False
3490,para,True
3491,palapurudu,False
3492,tamanta,False
3493,hadanakota,False
3494,babbu,False
3495,eeka‚Ä¶,False
3496,heta,False
3497,owata,False
3498,methanath,False
3499,walath,False
3500,pihadalawath,False
3501,hithagena,False
3502,range,True
3503,newe,False
3504,penna,False
3505,reception,True
3506,bilpath,False
3507,smuthi,False
3508,value,True
3509,engine,True
3510,‡∂¥‡∂ß‡∑ä‡∂ß,False
3511,gahk,False
3512,pawathawagena,False
3513,akkiya,False
3514,palakayonta,False
3515,thwa,False
3516,mulinma,False
3517,nanga,False
3518,eggs,True
3519,Apit,False
3520,denek,False
3521,dima,False
3522,line,True
3523,kannama,False
3524,e?,False
3525,athdekimata,False
3526,aayeth,False
3527,wathawaranayak,False
3528,aprasanna,False
3529,lassna,False
3530,gode,False
3531,space,True
3532,matanam,False
3533,hetath,False
3534,waffles,True
3535,6,True
3536,lassanadha,False
3537,ugure,False
3538,amuththan,False
3539,laba,False
3540,lamaintath,False
3541,weyadam,False
3542,hithawath,False
3543,baluwama,False
3544,lobster,True
3545,wihdihak,False
3546,pissek,False
3547,satha,False
3548,pricema,False
3549,ammohhhhh,False
3550,kewoth,False
3551,varanda,False
3552,emata,False
3553,string,True
3554,parking,True
3555,certificate,True
3556,shashi,False
3557,oyaalata,False
3558,yamak,False
3559,kamthi,False
3560,watapitawa,False
3561,kiyannatharam,False
3562,idak,False
3563,illuwata,False
3564,pahu,False
3565,pranitha,False
3566,meet,True
3567,he,True
3568,hemoma,False
3569,dialog,True
3570,(lunch,False
3571,wenad,False
3572,??,False
3573,wennath,False
3574,ka,False
3575,uncle,True
3576,too0,False
3577,eyalata,False
3578,elama,False
3579,methnin,False
3580,pawa,False
3581,danuma,False
3582,yatithala,False
3583,onna,False
3584,pren,False
3585,thaba,False
3586,weong,False
3587,bariwuna,False
3588,dakapu,False
3589,nethanin,False
3590,foriegnerslata,False
3591,sewan,False
3592,anaagathe,False
3593,environtment,False
3594,ethanava,False
3595,sure,True
3596,discount,True
3597,fair,True
3598,milata,False
3599,aawda,False
3600,saranai,False
3601,nila,False
3602,nandiwa,False
3603,thunahathara,False
3604,pradhana,False
3605,sushi,True
3606,me,True
3607,homely,True
3608,mechchara,False
3609,mekata,False
3610,near,True
3611,mudalat,False
3612,behavior,True
3613,language,True
3614,thought,True
3615,mathiwata,False
3616,nishpadanaya,False
3617,chance,True
3618,ranawiruwo,False
3619,burgers,True
3620,athmidenna,False
3621,raa,False
3622,pasuwai,False
3623,pirenawa,False
3624,appa,False
3625,danune,False
3626,pihidana,False
3627,aawa,False
3628,kathaava,False
3629,facilities,True
3630,kaawa,False
3631,yoda,False
3632,foreign,True
3633,rasnei,False
3634,officersla,False
3635,doubt,True
3636,enough,True
3637,ekan,False
3638,standing,True
3639,ranges,True
3640,denna,False
3641,vatina,False
3642,corn,True
3643,eka,False
3644,haranawa,False
3645,thawath,False
3646,surprise,True
3647,food,True
3648,easy,True
3649,godaaaaaaaaaaak,False
3650,bada,False
3651,napurui,False
3652,deepu,False
3653,credit,True
3654,chrispy,False
3655,arrange,True
3656,‡∂Ø‡∑ô‡∂∫‡∑í‡∂∫‡∂±‡∑ö,False
3657,dining,True
3658,parnse,False
3659,ain,False
3660,sambole,False
3661,karanneth,False
3662,recipe,True
3663,siraawatama,False
3664,asawenma,False
3665,idath,False
3666,mudala,False
3667,kaamath,False
3668,desapaluwanta,False
3669,enna,False
3670,anargai,False
3671,favourite!,False
3672,speed,True
3673,kaarayo,False
3674,menu,True
3675,saturday,False
3676,oi,True
3677,colombo,False
3678,followkarana,False
3679,kemawath,False
3680,ubalage,False
3681,follow,True
3682,an,True
3683,niwila,False
3684,innawada,False
3685,ithama,False
3686,their,True
3687,cleanliness,True
3688,unuwenma,False
3689,'dansalak',False
3690,labai,False
3691,Mila,False
3692,requirements,True
3693,driving,True
3694,desktop,True
3695,hamawelawema,False
3696,sith,False
3697,gunathmkabawai,False
3698,combination,True
3699,containers,True
3700,frieds,False
3701,day,True
3702,kenek,False
3703,fan,True
3704,cut,True
3705,kiwwoth,False
3706,asana,False
3707,over,True
3708,theruwan,False
3709,rathriya,False
3710,andum,False
3711,find,True
3712,parobogika,False
3713,and,True
3714,kathava,False
3715,fatta,False
3716,lassie,True
3717,karannat,False
3718,post,True
3719,whisky,False
3720,kema',False
3721,meseta,False
3722,wargayakama,False
3723,apuluwan,False
3724,wisheshayen,False
3725,varieties,True
3726,mamanam,False
3727,tima,False
3728,hatiyata,False
3729,digatama,False
3730,dewal,False
3731,crispy,True
3732,kapu,False
3733,denakm,False
3734,dj,False
3735,awadhanaya,False
3736,niayama,False
3737,jame,False
3738,stay,True
3739,jackfruit,False
3740,ath,False
3741,bimata,False
3742,palathuru,False
3743,girl,True
3744,foreigners,True
3745,aniwarenma,False
3746,facilitis,False
3747,kulubadu,False
3748,wahane,False
3749,diwi,False
3750,ammath,False
3751,banana,True
3752,sangithayak,False
3753,shrimp,True
3754,ithawata,False
3755,salary,True
3756,biththi,False
3757,kanthawanta,False
3758,yamin,False
3759,kamawala,False
3760,acharyashili,False
3761,karyamandalayata,False
3762,hambenawa,False
3763,sweets,True
3764,your,True
3765,eelangata,False
3766,sathutu,False
3767,sikurada,False
3768,FINALLY,True
3769,purchase,True
3770,chargr,False
3771,aharayak,False
3772,walinma,False
3773,awanhalatama,False
3774,cheap,True
3775,sarai,False
3776,galapenawa,False
3777,lamait,False
3778,custmer,False
3779,karannam,False
3780,guestla,False
3781,piliganimak,False
3782,200ta,False
3783,tell,True
3784,kanawanam,False
3785,uru,False
3786,gava,False
3787,dhigatama,False
3788,asaardaka,False
3789,denneth,False
3790,aththatama,False
3791,wishala,False
3792,mannager,False
3793,hamadetama,False
3794,üòã,False
3795,dhey,False
3796,adai,False
3797,mesayak,False
3798,wadi,True
3799,kohomadha,False
3800,buru,False
3801,kannath,False
3802,mehema,False
3803,den,True
3804,atharam,False
3805,hadanne,False
3806,stuff,True
3807,ganudenukaruwan,False
3808,miladi,False
3809,thatakaya,False
3810,thanak,False
3811,chef,True
3812,sub,True
3813,longer,True
3814,pramithita,False
3815,docker,True
3816,wedak,False
3817,oyaa,False
3818,ge,False
3819,GMO,True
3820,brother,True
3821,eekada??,False
3822,monavatada,False
3823,satisfied,True
3824,trip,True
3825,mokuth,False
3826,tami,False
3827,udu,False
3828,photes,False
3829,delight,True
3830,belly,True
3831,lankawedi,False
3832,nee,True
3833,amathaka,False
3834,juices,True
3835,pramanayak,False
3836,parisarayata,False
3837,normal,True
3838,gon,False
3839,Kemath,False
3840,fmous,False
3841,choice,True
3842,dhal,False
3843,tuna,True
3844,kranawa,False
3845,kawru,False
3846,dana,False
3847,Health,True
3848,idiri,False
3849,indala,False
3850,kawadawth,False
3851,ina,False
3852,9n,False
3853,crabs,True
3854,sewakaynge,False
3855,andinawane,False
3856,piliwalak,False
3857,+,False
3858,suggest,True
3859,katha,False
3860,hariyanawa,False
3861,ila,False
3862,',False
3863,wali,False
3864,kola,True
3865,boruwata,False
3866,Hodata,False
3867,hard,True
3868,awasara,False
3869,charithayak,False
3870,giyama,False
3871,nawum,False
3872,fry,True
3873,pariksha,False
3874,adahasak,False
3875,haiyai,False
3876,kullaka,False
3877,bottu,False
3878,oyaalage,False
3879,dawase,False
3880,jaya,False
3881,kamawelak,False
3882,band,True
3883,miss,True
3884,vegetarian,True
3885,simple,True
3886,tuena,False
3887,15,True
3888,tiyena,False
3889,paripurna,False
3890,anthay,False
3891,medium,True
3892,valata,False
3893,amba,False
3894,cream,True
3895,lovers,True
3896,vidihata,False
3897,pathata,False
3898,kma,False
3899,starter,True
3900,genalla,False
3901,chapathi,False
3902,mang,False
3903,other,True
3904,fantastic,True
3905,salada,False
3906,pirenna,False
3907,explain,True
3908,karoki,False
3909,duwa,False
3910,age,True
3911,pawul,False
3912,sadharana,False
3913,satahan,False
3914,withaak,False
3915,arn,False
3916,maximum,True
3917,kiiyanna,False
3918,kalin,False
3919,tamil,False
3920,rasath,False
3921,waiting,True
3922,planning,True
3923,family,True
3924,dugadak,False
3925,Next,True
3926,ajinomotho,False
3927,prashna,False
3928,pol,True
3929,police,True
3930,athinuth,False
3931,when,True
3932,daagena,False
3933,salakanna‚Ä¶,False
3934,edaa,False
3935,wenwa,False
3936,ihalai,False
3937,3500,True
3938,thaama,False
3939,galpena,False
3940,wisa,False
3941,unith,False
3942,hadhala,False
3943,cock,True
3944,snacks,True
3945,mamath,False
3946,rataviruwo,False
3947,saththakinma,False
3948,fire,True
3949,shawarma,False
3950,asa,False
3951,pansale,False
3952,twice,True
3953,mithuran,False
3954,kadayak,False
3955,satis,False
3956,yanava,False
3957,badullay,False
3958,gatalu,False
3959,attracive,False
3960,niladhariya,False
3961,withri,False
3962,awanhala,False
3963,kochchara,False
3964,gota,False
3965,is,True
3966,it,True
3967,awilla,False
3968,fried,True
3969,usama,False
3970,nearly,True
3971,cool,True
3972,Kema,False
3973,epaine,False
3974,ohoma,False
3975,KITCHEN',False
3976,tiyanawa,False
3977,akaraya,False
3978,panirasa,False
3979,review,True
3980,kaala,False
3981,wenakam,False
3982,nemei,False
3983,cake,True
3984,oyata,False
3985,away,True
3986,accessible,True
3987,always,True
3988,idakada,False
3989,garden,True
3990,balamukoo,False
3991,hawasa,False
3992,bottle,True
3993,sithiyame,False
3994,pirennama,False
3995,customers,True
3996,pramithiyata,False
3997,koththuwa,False
3998,tyenewa,False
3999,une,False
4000,laddu,False
4001,dekata,False
4002,souce,False
4003,yanawanam,False
4004,kiyanawa,False
4005,unat,False
4006,pilibanda,False
4007,naththe,False
4008,prasiddha,False
4009,tibbanam,False
4010,ekakuth,False
4011,naan,True
4012,kadimai,False
4013,kaaraya,False
4014,daana,False
4015,piruna,False
4016,sthanayata,False
4017,asamanya,False
4018,A/C,False
4019,pirunu,False
4020,tiba,False
4021,pamanak,False
4022,ekkenekuta,False
4023,tyenawasrilankan,False
4024,booruwo,False
4025,cafe,True
4026,wenama,False
4027,ekagodak,False
4028,pittu,False
4029,saralama,False
4030,match,True
4031,hambena,False
4032,chopcywath,False
4033,qualityata,False
4034,deshiya,False
4035,katta,False
4036,dansalata,False
4037,aduwak,False
4038,Pittu,False
4039,bothalayak,False
4040,ayek,False
4041,shabdaya,False
4042,marry,True
4043,it's,True
4044,decorating,True
4045,thadabadayak,False
4046,rasam,False
4047,cutney,False
4048,kalata,False
4049,nwekala,False
4050,ganath,False
4051,godk,False
4052,mehe,False
4053,Eka,False
4054,godak,False
4055,managerta,False
4056,namuth,False
4057,ground,True
4058,danaganna,False
4059,portions,True
4060,ekkan,False
4061,wineüç∑,False
4062,nitamai,False
4063,3000-,True
4064,thamai,False
4065,eekada,False
4066,saneepeta,False
4067,careless,True
4068,cultural,True
4069,bari,False
4070,sunday,False
4071,treat,True
4072,much,True
4073,gedara,False
4074,dammath,False
4075,kama,False
4076,paradise,True
4077,uthsawa,False
4078,athi,False
4079,watinawa,False
4080,hena,False
4081,thami,False
4082,calamari,True
4083,700ta,False
4084,methan,False
4085,submarine,True
4086,apenmai,False
4087,pennuwata,False
4088,record,True
4089,wenuwen,False
4090,400k,False
4091,ekakma,False
4092,anthimata,False
4093,Oh/l,False
4094,hati,False
4095,madya,False
4096,taste,True
4097,mixed,True
4098,iskole,False
4099,cheese,True
4100,pinwanthi,False
4101,karagannawath,False
4102,parisara,False
4103,balannama,False
4104,map,True
4105,kanawada,False
4106,dhuka,False
4107,dhalada,False
4108,vegitable,False
4109,website,True
4110,samanai,False
4111,monawatawath,False
4112,nirdesha,False
4113,-12,True
4114,bill,True
4115,maruna,False
4116,durwalayi,False
4117,kusha,False
4118,kellak,False
4119,my,True
4120,episode,True
4121,cleaning,True
4122,watina,False
4123,desert,True
4124,kiribath,False
4125,folw,False
4126,customerslata,False
4127,lost,True
4128,sului,False
4129,late,True
4130,yanthra,False
4131,natanna,False
4132,fuel,True
4133,1990,True
4134,shirt,True
4135,salakiya,False
4136,garu,False
4137,eth,False
4138,anubala,False
4139,vegetaria,False
4140,kamatama,False
4141,gee,True
4142,karaganna,False
4143,its,True
4144,kawa,False
4145,kelani,False
4146,'family,False
4147,MD,True
4148,onam,False
4149,niskalankai,False
4150,kiwwama,False
4151,thossi,False
4152,waste,True
4153,lotus,True
4154,wideshiya,False
4155,onima,False
4156,thiyey,False
4157,strong,True
4158,parawath,False
4159,dekama,False
4160,group,True
4161,watermelon,True
4162,we,True
4163,ekamada,False
4164,pure,True
4165,seethalai,False
4166,loverslta,False
4167,apitama,False
4168,idala,False
4169,dhunnu,False
4170,üëå,False
4171,cargills,False
4172,ude,False
4173,criwded,False
4174,gewana,False
4175,aduma,False
4176,car,True
4177,cheff,False
4178,emyalata,False
4179,denne,False
4180,damme,False
4181,welawakin,False
4182,wessa,False
4183,dunnata,False
4184,langadima,False
4185,biwwe,False
4186,onatharam,False
4187,hitiyata,False
4188,sousages,False
4189,rest,True
4190,prepared,True
4191,danagena,False
4192,kawadawath,False
4193,issarata,False
4194,kohomada,False
4195,galapenne,False
4196,sanwadayakuth,False
4197,uge,False
4198,dekkaama,False
4199,bee,True
4200,eliyata,False
4201,wathurata,False
4202,ehemai,False
4203,paaribogikayanlawa,False
4204,love,True
4205,daamu,False
4206,meke,False
4207,irritating,True
4208,zero,True
4209,sabmarine,False
4210,of,True
4211,denawa,False
4212,shel,False
4213,innawa,False
4214,thula,False
4215,udugampola,False
4216,dinner),False
4217,by,True
4218,kunu,False
4219,balala,False
4220,wal,False
4221,worst,True
4222,be,True
4223,niwaduwa,False
4224,darling,True
4225,pita,True
4226,lamaintanam,False
4227,ekkala,False
4228,20k,False
4229,harma,False
4230,drinks,True
4231,niwadu,False
4232,tharam,False
4233,heaters,True
4234,kemta,False
4235,rahath,False
4236,fishcurry,False
4237,ewata,False
4238,lakshan,False
4239,thibbanam,False
4240,with,True
4241,awama,False
4242,sandyawak,False
4243,burn,True
4244,thiyenava,False
4245,hadswatha,False
4246,vera,False
4247,mention,True
4248,dewiyo,False
4249,piliwelai,False
4250,too0too0,False
4251,wash,True
4252,deparakma,False
4253,5,True
4254,ekakawath,False
4255,wgemai,False
4256,welawta,False
4257,magin,False
4258,kihipayak,False
4259,winithayi,False
4260,cup,True
4261,ob√†ta,False
4262,cancel,True
4263,road,True
4264,deyakna,False
4265,apitath,False
4266,bo,False
4267,chanda,False
4268,satisfaction,True
4269,12,True
4270,ambo,False
4271,rude,True
4272,kawadath,False
4273,widiyatama,False
4274,waasanaa,False
4275,chubby,True
4276,paniir,False
4277,ubath,False
4278,badath,False
4279,nattan,False
4280,mandalaye,False
4281,hithakami,False
4282,keeyada,False
4283,dhennan,False
4284,awe,True
4285,andinna,False
4286,card,True
4287,nawumwa,False
4288,AC,True
4289,maruwenawa,False
4290,red,True
4291,pattai,False
4292,tyenwa,False
4293,responsive,True
4294,naasthi,False
4295,amaaru,False
4296,galle,False
4297,apit,False
4298,thananam,False
4299,hodatama,False
4300,balaaporoththu,False
4301,soup,True
